name	break5	break3	delread	wtread	heteroplasmy
SRR30600800.20000	1706	2060	1	14	6.66666666666667
SRR30600800.20000	1307	15786	1	8	11.1111111111111
SRR30600800.20000	2056	2260	1	16	5.88235294117647
SRR30600800.20000	2064	2259	1	18	5.26315789473684
SRR30600800.20000	341	14377	1	2	33.3333333333333
SRR30600800.20000	2076	2260	2	17	10.5263157894737
SRR30600800.200000	1800	2151	1	95	1.04166666666667
SRR30600800.200000	8839	9152	1	16	5.88235294117647
SRR30600800.200000	1692	8618	1	70	1.40845070422535
SRR30600800.200000	1837	10554	1	22	4.34782608695652
SRR30600800.200000	2071	2229	1	154	0.645161290322581
SRR30600800.200000	1949	2259	1	168	0.591715976331361
SRR30600800.200000	2218	2430	1	108	0.917431192660551
SRR30600800.200000	1941	2256	1	164	0.606060606060606
SRR30600800.200000	8830	8986	1	52	1.88679245283019
SRR30600800.200000	350	383	1	283	0.352112676056338
SRR30600800.200000	6574	6784	1	17	5.55555555555556
SRR30600800.200000	1913	2215	1	136	0.72992700729927
SRR30600800.200000	1810	2269	1	110	0.900900900900901
SRR30600800.200000	5070	5262	1	32	3.03030303030303
SRR30600800.200000	1086	1670	1	55	1.78571428571429
SRR30600800.200000	1811	2261	1	108	0.917431192660551
SRR30600800.200000	2090	2257	2	152	1.2987012987013
SRR30600800.200000	1213	14380	1	55	1.78571428571429
SRR30600800.200000	2718	3136	1	28	3.44827586206897
SRR30600800.200000	6432	13009	1	13	7.14285714285714
SRR30600800.200000	4859	4909	1	6	14.2857142857143
SRR30600800.200000	1706	2060	1	136	0.72992700729927
SRR30600800.200000	2438	8971	1	56	1.75438596491228
SRR30600800.200000	13114	13539	1	4	20
SRR30600800.200000	2376	8250	1	70	1.40845070422535
SRR30600800.200000	1086	14818	1	56	1.75438596491228
SRR30600800.200000	1760	1992	1	106	0.934579439252336
SRR30600800.200000	648	1518	1	5	16.6666666666667
SRR30600800.200000	341	14377	1	26	3.7037037037037
SRR30600800.200000	1037	5386	1	104	0.952380952380952
SRR30600800.200000	1926	2107	1	128	0.775193798449612
SRR30600800.200000	14808	15263	1	1	50
SRR30600800.200000	661	1094	1	62	1.58730158730159
SRR30600800.200000	8648	9092	1	40	2.4390243902439
SRR30600800.200000	648	954	1	118	0.840336134453782
SRR30600800.200000	1105	9787	1	222	0.448430493273543
SRR30600800.200000	2622	2791	1	15	6.25
SRR30600800.200000	1271	14613	1	66	1.49253731343284
SRR30600800.200000	1756	2349	1	96	1.03092783505155
SRR30600800.200000	2064	2259	5	159	3.04878048780488
SRR30600800.200000	2212	2277	1	178	0.558659217877095
SRR30600800.200000	1307	15786	1	82	1.20481927710843
SRR30600800.200000	2056	2260	3	160	1.84049079754601
SRR30600800.200000	2392	2911	1	62	1.58730158730159
SRR30600800.200000	763	15500	1	130	0.763358778625954
SRR30600800.200000	1923	2193	1	160	0.62111801242236
SRR30600800.200000	8453	8705	1	4	20
SRR30600800.200000	10895	12325	1	4	20
SRR30600800.200000	959	7465	1	130	0.763358778625954
SRR30600800.200000	9364	9829	1	168	0.591715976331361
SRR30600800.200000	1601	2226	1	86	1.14942528735632
SRR30600800.200000	2214	2279	1	180	0.552486187845304
SRR30600800.200000	2076	2260	5	157	3.08641975308642
SRR30600800.200000	7820	11739	3	9	25
SRR30600800.200000	8631	8743	1	8	11.1111111111111
SRR30600800.200000	9755	11057	1	118	0.840336134453782
SRR30600800.200000	1695	2279	1	160	0.62111801242236
SRR30600800.200000	1103	5366	1	95	1.04166666666667
SRR30600800.200000	2222	2259	1	150	0.662251655629139
SRR30600800.2000000	8433	9027	1	566	0.17636684303351
SRR30600800.2000000	799	953	1	2960	0.0337723741979061
SRR30600800.2000000	7286	7349	1	2624	0.0380952380952381
SRR30600800.2000000	3304	6217	1	80	1.23456790123457
SRR30600800.2000000	1966	2210	1	1584	0.0630914826498423
SRR30600800.2000000	4468	10300	1	109	0.909090909090909
SRR30600800.2000000	1723	2269	1	942	0.106044538706257
SRR30600800.2000000	2782	2878	2	224	0.884955752212389
SRR30600800.2000000	2178	5624	1	870	0.114810562571757
SRR30600800.2000000	2181	13707	1	912	0.109529025191676
SRR30600800.2000000	6399	6468	1	246	0.404858299595142
SRR30600800.2000000	2360	3218	2	686	0.290697674418605
SRR30600800.2000000	4721	5318	1	436	0.22883295194508
SRR30600800.2000000	734	1018	1	1624	0.0615384615384615
SRR30600800.2000000	1670	2166	1	838	0.119189511323004
SRR30600800.2000000	6802	7409	1	856	0.116686114352392
SRR30600800.2000000	1701	2219	1	1646	0.0607164541590771
SRR30600800.2000000	13076	13308	1	72	1.36986301369863
SRR30600800.2000000	8363	8758	1	43	2.27272727272727
SRR30600800.2000000	2751	3205	1	89	1.11111111111111
SRR30600800.2000000	2392	2911	1	646	0.154559505409583
SRR30600800.2000000	8830	8986	1	523	0.190839694656489
SRR30600800.2000000	7940	11491	1	110	0.900900900900901
SRR30600800.2000000	9646	9762	1	1288	0.0775795190069822
SRR30600800.2000000	1096	1463	3	758	0.394218134034166
SRR30600800.2000000	1811	1888	2	576	0.346020761245675
SRR30600800.2000000	1081	11949	1	1284	0.0778210116731518
SRR30600800.2000000	2042	2182	1	1702	0.0587199060481503
SRR30600800.2000000	5900	6457	1	164	0.606060606060606
SRR30600800.2000000	2068	2274	1	1587	0.0629722921914358
SRR30600800.2000000	2212	2277	10	1794	0.554323725055432
SRR30600800.2000000	4710	5051	1	70	1.40845070422535
SRR30600800.2000000	1525	4475	1	46	2.12765957446809
SRR30600800.2000000	2055	2257	1	1693	0.0590318772136954
SRR30600800.2000000	7256	10577	1	847	0.117924528301887
SRR30600800.2000000	1941	2211	1	1526	0.0654878847413229
SRR30600800.2000000	1932	2283	1	1458	0.0685400959561343
SRR30600800.2000000	2222	2259	2	1514	0.131926121372032
SRR30600800.2000000	1076	1525	1	606	0.164744645799012
SRR30600800.2000000	7996	11461	4	206	1.9047619047619
SRR30600800.2000000	1005	7250	1	1732	0.0577034045008656
SRR30600800.2000000	2438	8971	1	620	0.161030595813205
SRR30600800.2000000	8620	9026	1	592	0.168634064080944
SRR30600800.2000000	1707	1906	1	1224	0.0816326530612245
SRR30600800.2000000	1994	2259	1	1778	0.0562113546936481
SRR30600800.2000000	6534	6883	1	201	0.495049504950495
SRR30600800.2000000	2311	2878	1	1032	0.0968054211035818
SRR30600800.2000000	2031	2342	1	1624	0.0615384615384615
SRR30600800.2000000	14746	14991	1	28	3.44827586206897
SRR30600800.2000000	4859	4909	1	43	2.27272727272727
SRR30600800.2000000	14395	14548	1	108	0.917431192660551
SRR30600800.2000000	9352	9821	1	1807	0.0553097345132743
SRR30600800.2000000	1799	2226	1	1026	0.0973709834469328
SRR30600800.2000000	9397	9687	1	480	0.207900207900208
SRR30600800.2000000	8739	9174	1	102	0.970873786407767
SRR30600800.2000000	9739	9838	1	2497	0.0400320256204964
SRR30600800.2000000	1811	2234	1	1046	0.0955109837631328
SRR30600800.2000000	1835	1899	2	644	0.309597523219814
SRR30600800.2000000	1858	2263	1	1171	0.0853242320819113
SRR30600800.2000000	2056	2282	1	1618	0.0617665225447807
SRR30600800.2000000	1094	3016	1	1210	0.0825763831544178
SRR30600800.2000000	11798	11834	1	234	0.425531914893617
SRR30600800.2000000	3002	3304	1	580	0.172117039586919
SRR30600800.2000000	648	1281	1	602	0.165837479270315
SRR30600800.2000000	1307	15786	1	800	0.124843945068664
SRR30600800.2000000	2065	8392	1	780	0.128040973111396
SRR30600800.2000000	797	1008	1	2724	0.036697247706422
SRR30600800.2000000	926	13524	1	1627	0.0614250614250614
SRR30600800.2000000	2266	2730	1	942	0.106044538706257
SRR30600800.2000000	2182	2705	1	948	0.105374077976818
SRR30600800.2000000	4737	4925	1	43	2.27272727272727
SRR30600800.2000000	12925	13326	1	58	1.69491525423729
SRR30600800.2000000	1793	2466	1	296	0.336700336700337
SRR30600800.2000000	11622	12042	1	399	0.25
SRR30600800.2000000	1697	1901	1	1118	0.0893655049151028
SRR30600800.2000000	1007	7431	1	1470	0.0679809653297077
SRR30600800.2000000	5147	5473	1	104	0.952380952380952
SRR30600800.2000000	1923	2193	1	1507	0.0663129973474801
SRR30600800.2000000	1697	2261	1	1598	0.0625390869293308
SRR30600800.2000000	4885	5368	1	308	0.323624595469256
SRR30600800.2000000	2914	3161	1	358	0.278551532033426
SRR30600800.2000000	11750	11949	1	724	0.137931034482759
SRR30600800.2000000	12350	12656	1	24	4
SRR30600800.2000000	1103	13843	1	604	0.165289256198347
SRR30600800.2000000	9210	9534	1	64	1.53846153846154
SRR30600800.2000000	647	1312	1	542	0.184162062615101
SRR30600800.2000000	914	1375	1	2202	0.0453926463912846
SRR30600800.2000000	6117	6384	1	126	0.78740157480315
SRR30600800.2000000	3865	4054	1	326	0.305810397553517
SRR30600800.2000000	2733	3194	1	98	1.01010101010101
SRR30600800.2000000	1298	9050	1	984	0.101522842639594
SRR30600800.2000000	2375	6430	1	685	0.145772594752187
SRR30600800.2000000	1086	14818	1	540	0.184842883548983
SRR30600800.2000000	12442	12872	1	66	1.49253731343284
SRR30600800.2000000	1530	3959	1	122	0.813008130081301
SRR30600800.2000000	1706	2060	1	1440	0.0693962526023595
SRR30600800.2000000	910	2166	1	2630	0.0380083618396047
SRR30600800.2000000	9330	9846	1	1381	0.0723589001447178
SRR30600800.2000000	9004	9077	1	923	0.108225108225108
SRR30600800.2000000	1778	2754	1	210	0.4739336492891
SRR30600800.2000000	961	13052	1	1408	0.07097232079489
SRR30600800.2000000	8839	9152	1	145	0.684931506849315
SRR30600800.2000000	1213	14380	1	499	0.2
SRR30600800.2000000	1222	7467	1	712	0.140252454417952
SRR30600800.2000000	10612	12008	1	585	0.170648464163823
SRR30600800.2000000	15054	15439	1	41	2.38095238095238
SRR30600800.2000000	2075	2260	4	1606	0.248447204968944
SRR30600800.2000000	1529	7402	1	846	0.118063754427391
SRR30600800.2000000	2107	3218	1	616	0.162074554294976
SRR30600800.2000000	1835	2259	2	1120	0.17825311942959
SRR30600800.2000000	859	13872	1	1877	0.053248136315229
SRR30600800.2000000	9418	9677	1	380	0.26246719160105
SRR30600800.2000000	7942	11491	1	109	0.909090909090909
SRR30600800.2000000	1941	2256	14	1556	0.89171974522293
SRR30600800.2000000	15291	15615	1	260	0.383141762452107
SRR30600800.2000000	15674	15708	1	864	0.115606936416185
SRR30600800.2000000	1803	2190	1	1080	0.0925069380203515
SRR30600800.2000000	2174	2512	1	943	0.105932203389831
SRR30600800.2000000	1552	14193	1	56	1.75438596491228
SRR30600800.2000000	6160	7458	1	364	0.273972602739726
SRR30600800.2000000	1702	1918	1	1278	0.0781860828772478
SRR30600800.2000000	8767	9869	1	864	0.115606936416185
SRR30600800.2000000	14808	15263	1	27	3.57142857142857
SRR30600800.2000000	1671	1996	1	886	0.112739571589628
SRR30600800.2000000	682	935	1	4472	0.0223563603845294
SRR30600800.2000000	2941	3647	1	342	0.291545189504373
SRR30600800.2000000	648	1518	1	56	1.75438596491228
SRR30600800.2000000	6980	7230	1	616	0.162074554294976
SRR30600800.2000000	5945	9045	1	514	0.194174757281553
SRR30600800.2000000	962	7424	1	1916	0.0521648408972353
SRR30600800.2000000	954	7395	1	2196	0.0455166135639508
SRR30600800.2000000	951	8401	1	1416	0.0705716302046577
SRR30600800.2000000	1037	15667	1	1204	0.0829875518672199
SRR30600800.2000000	1717	1886	1	474	0.210526315789474
SRR30600800.2000000	9505	9907	1	518	0.192678227360308
SRR30600800.2000000	1022	14534	1	894	0.111731843575419
SRR30600800.2000000	3581	15498	1	59	1.66666666666667
SRR30600800.2000000	1692	1901	1	1113	0.0897666068222621
SRR30600800.2000000	12489	13185	1	46	2.12765957446809
SRR30600800.2000000	1710	2042	1	1512	0.0660938532716457
SRR30600800.2000000	4747	5294	1	372	0.268096514745308
SRR30600800.2000000	6327	7425	1	618	0.161550888529887
SRR30600800.2000000	14577	14750	1	74	1.33333333333333
SRR30600800.2000000	7864	12062	1	282	0.353356890459364
SRR30600800.2000000	1066	1432	1	883	0.113122171945701
SRR30600800.2000000	903	1241	1	2284	0.0437636761487965
SRR30600800.2000000	9254	9766	1	1262	0.0791765637371338
SRR30600800.2000000	13545	14325	1	68	1.44927536231884
SRR30600800.2000000	13114	13539	1	57	1.72413793103448
SRR30600800.2000000	2266	2474	1	1018	0.098135426889107
SRR30600800.2000000	1932	2175	1	1438	0.0694927032661571
SRR30600800.2000000	2023	2261	1	1784	0.0560224089635854
SRR30600800.2000000	308	11678	1	156	0.636942675159236
SRR30600800.2000000	9364	9778	1	1404	0.0711743772241993
SRR30600800.2000000	12546	12925	1	50	1.96078431372549
SRR30600800.2000000	1086	1670	1	539	0.185185185185185
SRR30600800.2000000	1810	2269	9	1043	0.855513307984791
SRR30600800.2000000	2404	9072	1	720	0.13869625520111
SRR30600800.2000000	1082	12084	1	700	0.14265335235378
SRR30600800.2000000	2762	3193	1	105	0.943396226415094
SRR30600800.2000000	2269	2786	1	940	0.106269925611052
SRR30600800.2000000	2073	2277	1	1625	0.0615006150061501
SRR30600800.2000000	959	5160	1	1354	0.0738007380073801
SRR30600800.2000000	4095	4148	1	433	0.230414746543779
SRR30600800.2000000	9466	9884	1	722	0.138312586445367
SRR30600800.2000000	1536	6568	1	169	0.588235294117647
SRR30600800.2000000	6537	14565	1	216	0.460829493087558
SRR30600800.2000000	10739	10863	1	118	0.840336134453782
SRR30600800.2000000	3095	7281	1	1548	0.0645577792123951
SRR30600800.2000000	5296	5439	1	472	0.211416490486258
SRR30600800.2000000	1708	3001	1	1276	0.0783085356303837
SRR30600800.2000000	882	8199	1	2169	0.0460829493087558
SRR30600800.2000000	889	1376	1	2308	0.043308791684712
SRR30600800.2000000	1530	9026	1	596	0.16750418760469
SRR30600800.2000000	9572	9865	1	1080	0.0925069380203515
SRR30600800.2000000	1926	2107	2	1202	0.166112956810631
SRR30600800.2000000	1048	5284	1	992	0.100704934541793
SRR30600800.2000000	1677	2483	1	118	0.840336134453782
SRR30600800.2000000	8933	9520	1	323	0.308641975308642
SRR30600800.2000000	794	1147	1	2158	0.0463177396943029
SRR30600800.2000000	15630	15798	1	526	0.189753320683112
SRR30600800.2000000	9037	11616	1	515	0.193798449612403
SRR30600800.2000000	959	7465	1	1550	0.0644745325596389
SRR30600800.2000000	1801	2423	1	446	0.223713646532438
SRR30600800.2000000	1084	1888	1	948	0.105374077976818
SRR30600800.2000000	13015	13048	1	82	1.20481927710843
SRR30600800.2000000	1013	9874	1	1744	0.0573065902578797
SRR30600800.2000000	1710	2271	1	1528	0.065402223675605
SRR30600800.2000000	1669	3232	1	14	6.66666666666667
SRR30600800.2000000	1848	2340	1	1089	0.0917431192660551
SRR30600800.2000000	8364	8614	1	35	2.77777777777778
SRR30600800.2000000	954	1373	1	1759	0.0568181818181818
SRR30600800.2000000	792	1130	1	2160	0.0462748727441
SRR30600800.2000000	2064	2259	52	1640	3.07328605200946
SRR30600800.2000000	2277	3206	1	916	0.109051254089422
SRR30600800.2000000	1310	1362	1	978	0.102145045965271
SRR30600800.2000000	8631	8743	1	82	1.20481927710843
SRR30600800.2000000	665	1000	1	3722	0.02686005909213
SRR30600800.2000000	778	920	1	3144	0.0317965023847377
SRR30600800.2000000	6432	13009	1	165	0.602409638554217
SRR30600800.2000000	2060	2828	1	822	0.121506682867558
SRR30600800.2000000	11848	11916	1	774	0.129032258064516
SRR30600800.2000000	6470	6518	1	302	0.33003300330033
SRR30600800.2000000	9766	9829	1	2886	0.0346380325597506
SRR30600800.2000000	957	1492	1	1380	0.0724112961622013
SRR30600800.2000000	8363	9201	1	6	14.2857142857143
SRR30600800.2000000	1901	2487	1	528	0.189035916824197
SRR30600800.2000000	6595	9788	1	1624	0.0615384615384615
SRR30600800.2000000	6841	7394	1	970	0.102986611740474
SRR30600800.2000000	3186	5368	1	333	0.29940119760479
SRR30600800.2000000	1831	2293	1	1142	0.0874890638670166
SRR30600800.2000000	7820	11739	14	82	14.5833333333333
SRR30600800.2000000	958	3163	1	1406	0.0710732054015636
SRR30600800.2000000	6473	7289	1	1404	0.0711743772241993
SRR30600800.2000000	1010	1377	1	1453	0.0687757909215956
SRR30600800.2000000	1996	2385	1	1378	0.0725163161711385
SRR30600800.2000000	2067	2260	1	1638	0.061012812690665
SRR30600800.2000000	958	9755	2	2448	0.0816326530612245
SRR30600800.2000000	7585	7802	1	46	2.12765957446809
SRR30600800.2000000	3170	11757	1	138	0.719424460431655
SRR30600800.2000000	903	6802	1	1828	0.0546746856205577
SRR30600800.2000000	1103	5366	1	878	0.113765642775882
SRR30600800.2000000	1037	5386	2	996	0.200400801603206
SRR30600800.2000000	8365	9566	1	46	2.12765957446809
SRR30600800.2000000	9644	9786	1	1627	0.0614250614250614
SRR30600800.2000000	9762	9849	1	2476	0.040371417036738
SRR30600800.2000000	674	855	1	4582	0.0218197687104517
SRR30600800.2000000	947	1075	1	2092	0.0477783086478739
SRR30600800.2000000	1811	2261	3	1084	0.275988960441582
SRR30600800.2000000	3797	5367	1	326	0.305810397553517
SRR30600800.2000000	5900	7505	1	6	14.2857142857143
SRR30600800.2000000	1253	1362	1	1051	0.0950570342205323
SRR30600800.2000000	648	1000	2	996	0.200400801603206
SRR30600800.2000000	5070	5262	1	298	0.334448160535117
SRR30600800.2000000	13924	14007	1	45	2.17391304347826
SRR30600800.2000000	3566	10471	1	18	5.26315789473684
SRR30600800.2000000	1697	2779	1	772	0.129366106080207
SRR30600800.2000000	2277	3004	1	1470	0.0679809653297077
SRR30600800.2000000	961	7467	1	1605	0.062266500622665
SRR30600800.2000000	797	11355	1	1731	0.0577367205542725
SRR30600800.2000000	763	15500	1	1296	0.0771010023130301
SRR30600800.2000000	6329	6785	1	116	0.854700854700855
SRR30600800.2000000	1692	8618	1	724	0.137931034482759
SRR30600800.2000000	648	960	1	1332	0.0750187546886722
SRR30600800.2000000	1907	2393	1	922	0.108342361863489
SRR30600800.2000000	1738	2192	1	1026	0.0973709834469328
SRR30600800.2000000	952	14277	1	1382	0.0723065798987708
SRR30600800.2000000	1806	2276	1	1070	0.0933706816059757
SRR30600800.2000000	1009	7444	1	1358	0.0735835172921266
SRR30600800.2000000	1693	2278	1	1578	0.0633312222925903
SRR30600800.2000000	7146	7259	1	1016	0.0983284169124877
SRR30600800.2000000	2483	10177	1	315	0.316455696202532
SRR30600800.2000000	2039	3039	1	1467	0.0681198910081744
SRR30600800.2000000	8189	10888	1	436	0.22883295194508
SRR30600800.2000000	945	7385	3	2592	0.115606936416185
SRR30600800.2000000	1905	2170	1	1412	0.0707714083510262
SRR30600800.2000000	6390	15816	1	222	0.448430493273543
SRR30600800.2000000	797	7239	1	2376	0.0420698359276399
SRR30600800.2000000	930	1153	1	2154	0.0464037122969838
SRR30600800.2000000	2332	2403	1	1218	0.0820344544708778
SRR30600800.2000000	6092	6656	1	96	1.03092783505155
SRR30600800.2000000	1717	8122	1	797	0.12531328320802
SRR30600800.2000000	648	1071	1	582	0.171526586620926
SRR30600800.2000000	933	1312	1	2158	0.0463177396943029
SRR30600800.2000000	1837	2260	5	1118	0.445235975066785
SRR30600800.2000000	1193	1362	1	1004	0.0995024875621891
SRR30600800.2000000	2004	2260	1	1816	0.0550357732526142
SRR30600800.2000000	957	1464	2	1471	0.135777325186694
SRR30600800.2000000	659	1092	1	594	0.168067226890756
SRR30600800.2000000	9206	9573	1	50	1.96078431372549
SRR30600800.2000000	4036	13392	1	286	0.348432055749129
SRR30600800.2000000	2107	2248	1	1488	0.0671591672263264
SRR30600800.2000000	1836	1901	4	646	0.615384615384615
SRR30600800.2000000	13115	13395	1	52	1.88679245283019
SRR30600800.2000000	2346	2670	1	803	0.124378109452736
SRR30600800.2000000	1105	11950	1	1236	0.0808407437348424
SRR30600800.2000000	2269	2759	1	930	0.107411385606874
SRR30600800.2000000	2078	2263	1	1591	0.0628140703517588
SRR30600800.2000000	1271	14613	1	624	0.16
SRR30600800.2000000	15186	15561	1	136	0.72992700729927
SRR30600800.2000000	2076	2260	26	1604	1.59509202453988
SRR30600800.2000000	957	9758	1	2428	0.0411692054343351
SRR30600800.2000000	2182	5878	1	889	0.112359550561798
SRR30600800.2000000	8462	9025	1	583	0.171232876712329
SRR30600800.2000000	2388	9064	1	868	0.115074798619102
SRR30600800.2000000	2086	2257	1	1610	0.0620732464307883
SRR30600800.2000000	6348	6544	1	200	0.497512437810945
SRR30600800.2000000	1835	2257	1	1142	0.0874890638670166
SRR30600800.2000000	1931	2266	1	1482	0.0674308833445718
SRR30600800.2000000	1552	14190	1	57	1.72413793103448
SRR30600800.2000000	350	383	3	2702	0.11090573012939
SRR30600800.2000000	2622	2791	1	150	0.662251655629139
SRR30600800.2000000	4485	4876	1	46	2.12765957446809
SRR30600800.2000000	752	1298	1	1582	0.0631711939355654
SRR30600800.2000000	797	12427	1	1725	0.0579374275782155
SRR30600800.2000000	1029	5260	1	1056	0.0946073793755913
SRR30600800.2000000	941	7380	1	2670	0.0374391613627855
SRR30600800.2000000	971	12008	1	1838	0.0543773790103317
SRR30600800.2000000	2074	2260	1	1619	0.0617283950617284
SRR30600800.2000000	2032	2272	1	1674	0.0597014925373134
SRR30600800.2000000	661	1054	1	680	0.146842878120411
SRR30600800.2000000	2346	2768	1	800	0.124843945068664
SRR30600800.2000000	2260	2572	1	981	0.10183299389002
SRR30600800.2000000	1717	2183	1	972	0.102774922918808
SRR30600800.2000000	7340	13608	1	1566	0.0638162093171666
SRR30600800.2000000	9088	9158	1	422	0.236406619385343
SRR30600800.2000000	9206	9987	1	6	14.2857142857143
SRR30600800.2000000	9207	9506	1	94	1.05263157894737
SRR30600800.2000000	11935	14306	2	625	0.318979266347687
SRR30600800.2000000	676	6449	1	2945	0.0339443312966735
SRR30600800.2000000	1758	1856	1	392	0.254452926208651
SRR30600800.2000000	648	954	2	1298	0.153846153846154
SRR30600800.2000000	8125	8189	1	1082	0.0923361034164358
SRR30600800.2000000	2083	2153	1	1429	0.0699300699300699
SRR30600800.2000000	1941	3205	1	668	0.149476831091181
SRR30600800.2000000	2217	2487	1	1018	0.098135426889107
SRR30600800.2000000	1814	14310	1	238	0.418410041841004
SRR30600800.2000000	1925	2061	1	1345	0.0742942050520059
SRR30600800.2000000	2158	2276	5	1627	0.306372549019608
SRR30600800.2000000	6415	7360	1	1465	0.0682128240109141
SRR30600800.2000000	3169	7424	1	656	0.15220700152207
SRR30600800.2000000	2365	3131	1	864	0.115606936416185
SRR30600800.2000000	6428	7420	1	758	0.131752305665349
SRR30600800.2000000	7585	7815	1	44	2.22222222222222
SRR30600800.2000000	1082	5302	1	974	0.102564102564103
SRR30600800.2000000	1487	9053	1	562	0.177619893428064
SRR30600800.2000000	1938	14559	1	698	0.143061516452074
SRR30600800.2000000	6989	9129	1	199	0.5
SRR30600800.2000000	1104	10775	1	622	0.160513643659711
SRR30600800.2000000	802	7415	1	2368	0.0422119037568594
SRR30600800.2000000	1835	2216	1	1135	0.0880281690140845
SRR30600800.2000000	1222	1464	1	661	0.151057401812689
SRR30600800.2000000	2268	2634	1	937	0.106609808102345
SRR30600800.2000000	7935	7981	1	202	0.492610837438424
SRR30600800.2000000	1530	7468	1	280	0.355871886120996
SRR30600800.2000000	2056	2260	29	1667	1.70990566037736
SRR30600800.2000000	1756	2349	1	845	0.118203309692671
SRR30600800.2000000	1902	2233	1	1293	0.0772797527047913
SRR30600800.2000000	8453	8705	1	51	1.92307692307692
SRR30600800.2000000	1105	9787	1	2078	0.0481000481000481
SRR30600800.2000000	691	5278	1	2980	0.0335457900033546
SRR30600800.2000000	2370	2934	1	905	0.11037527593819
SRR30600800.2000000	12375	12550	1	62	1.58730158730159
SRR30600800.2000000	1770	2189	1	1022	0.0977517106549365
SRR30600800.2000000	7905	11982	1	756	0.132100396301189
SRR30600800.2000000	1902	3006	1	996	0.100300902708124
SRR30600800.2000000	861	2293	1	2760	0.0362187613183629
SRR30600800.2000000	12145	14321	1	56	1.75438596491228
SRR30600800.2000000	1704	2269	3	1568	0.190961171228517
SRR30600800.2000000	727	1113	1	1179	0.0847457627118644
SRR30600800.2000000	1834	2260	1	1114	0.0896860986547085
SRR30600800.2000000	7929	11510	4	95	4.04040404040404
SRR30600800.2000000	907	1215	1	2299	0.0434782608695652
SRR30600800.2000000	9364	9829	1	1666	0.0599880023995201
SRR30600800.2000000	1760	1992	1	1004	0.0995024875621891
SRR30600800.2000000	890	10838	1	1851	0.0539956803455724
SRR30600800.2000000	675	4112	1	3056	0.0327118089630357
SRR30600800.2000000	6550	6817	1	191	0.520833333333333
SRR30600800.2000000	12336	12700	1	32	3.03030303030303
SRR30600800.2000000	6394	6517	1	237	0.420168067226891
SRR30600800.2000000	1669	1892	2	406	0.490196078431373
SRR30600800.2000000	5407	13219	1	221	0.45045045045045
SRR30600800.2000000	7957	11511	5	122	3.93700787401575
SRR30600800.2000000	8769	9075	1	430	0.232018561484919
SRR30600800.2000000	2376	8250	1	654	0.152671755725191
SRR30600800.2000000	9436	13955	1	101	0.980392156862745
SRR30600800.2000000	2778	7369	1	1263	0.0791139240506329
SRR30600800.2000000	1702	8141	1	1363	0.0733137829912024
SRR30600800.2000000	1105	14647	1	585	0.170648464163823
SRR30600800.2000000	13036	13582	1	69	1.42857142857143
SRR30600800.2000000	2327	2512	1	966	0.103412616339193
SRR30600800.2000000	2396	3188	1	426	0.234192037470726
SRR30600800.2000000	3756	3969	1	156	0.636942675159236
SRR30600800.2000000	1214	5369	1	758	0.131752305665349
SRR30600800.2000000	4478	4708	1	26	3.7037037037037
SRR30600800.2000000	7789	12017	1	580	0.172117039586919
SRR30600800.2000000	8844	9058	1	484	0.206185567010309
SRR30600800.2000000	5112	7401	1	876	0.114025085518814
SRR30600800.2000000	15308	15717	1	590	0.169204737732657
SRR30600800.2000000	2031	2403	1	1161	0.0860585197934595
SRR30600800.2000000	1371	7228	1	1046	0.0955109837631328
SRR30600800.2000000	731	951	1	2060	0.0485201358563804
SRR30600800.2000000	1718	2269	1	948	0.105374077976818
SRR30600800.2000000	12687	12879	1	83	1.19047619047619
SRR30600800.2000000	1560	7426	1	572	0.174520069808028
SRR30600800.2000000	1354	14766	1	556	0.179533213644524
SRR30600800.2000000	861	14383	1	1890	0.0528820729772607
SRR30600800.2000000	1695	2214	1	1613	0.0619578686493185
SRR30600800.2000000	2055	12008	1	1326	0.0753579502637528
SRR30600800.2000000	2325	8621	1	910	0.109769484083425
SRR30600800.2000000	10871	13572	1	68	1.44927536231884
SRR30600800.2000000	11812	12015	1	668	0.149476831091181
SRR30600800.2000000	1224	1526	1	506	0.19723865877712
SRR30600800.2000000	1836	2075	1	935	0.106837606837607
SRR30600800.2000000	1706	7239	1	1364	0.0732600732600733
SRR30600800.2000000	1252	2282	1	1384	0.0722021660649819
SRR30600800.2000000	2515	3192	1	138	0.719424460431655
SRR30600800.2000000	12334	12709	1	39	2.5
SRR30600800.2000000	1888	2234	1	1260	0.0793021411578113
SRR30600800.2000000	14802	15615	1	242	0.411522633744856
SRR30600800.2000000	1697	1903	1	1177	0.0848896434634974
SRR30600800.2000000	3168	7424	1	662	0.150829562594268
SRR30600800.2000000	1132	9866	1	1528	0.065402223675605
SRR30600800.2000000	1949	2259	1	1614	0.0619195046439628
SRR30600800.2000000	4142	5923	1	269	0.37037037037037
SRR30600800.2000000	2408	5321	1	727	0.137362637362637
SRR30600800.2000000	2071	2229	4	1570	0.254129606099111
SRR30600800.2000000	6548	7241	1	834	0.119760479041916
SRR30600800.2000000	1701	14906	1	724	0.137931034482759
SRR30600800.2000000	4469	4753	1	24	4
SRR30600800.2000000	2208	12008	1	1428	0.0699790062981106
SRR30600800.2000000	1189	1464	1	700	0.14265335235378
SRR30600800.2000000	1949	2265	1	1590	0.0628535512256442
SRR30600800.2000000	1309	4482	1	526	0.189753320683112
SRR30600800.2000000	1829	2267	8	1094	0.725952813067151
SRR30600800.2000000	1047	7409	2	1501	0.133067198935462
SRR30600800.2000000	13023	13252	1	82	1.20481927710843
SRR30600800.2000000	896	1190	1	2406	0.0415454923140839
SRR30600800.2000000	2090	2257	14	1588	0.873907615480649
SRR30600800.2000000	9785	9836	2	2844	0.0702740688685875
SRR30600800.2000000	8899	9042	1	622	0.160513643659711
SRR30600800.2000000	8635	8764	1	75	1.31578947368421
SRR30600800.2000000	11766	12060	1	305	0.326797385620915
SRR30600800.2000000	8989	9058	1	899	0.111111111111111
SRR30600800.2000000	2382	3099	1	946	0.105596620908131
SRR30600800.2000000	7198	7385	1	1413	0.0707213578500707
SRR30600800.2000000	1804	2226	1	1030	0.0969932104752667
SRR30600800.2000000	1813	2179	1	1076	0.0928505106778087
SRR30600800.2000000	13869	14082	1	54	1.81818181818182
SRR30600800.2000000	900	5225	1	1991	0.0502008032128514
SRR30600800.2000000	2218	2430	1	1170	0.085397096498719
SRR30600800.2000000	1837	10554	1	238	0.418410041841004
SRR30600800.2000000	4136	8281	1	214	0.465116279069767
SRR30600800.2000000	6574	6784	1	164	0.606060606060606
SRR30600800.2000000	2062	2248	2	1642	0.121654501216545
SRR30600800.2000000	6566	7424	1	694	0.143884892086331
SRR30600800.2000000	1086	2882	1	690	0.144717800289436
SRR30600800.2000000	2213	2257	7	1598	0.43613707165109
SRR30600800.2000000	1118	14648	1	567	0.176056338028169
SRR30600800.2000000	2216	3147	1	1090	0.0916590284142988
SRR30600800.2000000	8677	9841	1	1456	0.0686341798215511
SRR30600800.2000000	1837	2281	4	1097	0.36330608537693
SRR30600800.2000000	830	12336	1	1736	0.0575705238917674
SRR30600800.2000000	9325	9841	1	1442	0.0693000693000693
SRR30600800.2000000	961	14620	1	1395	0.0716332378223496
SRR30600800.2000000	8952	9123	1	502	0.198807157057654
SRR30600800.2000000	2170	2617	1	967	0.103305785123967
SRR30600800.2000000	2267	2757	1	950	0.10515247108307
SRR30600800.2000000	1838	2260	3	1116	0.268096514745308
SRR30600800.2000000	718	6181	1	626	0.159489633173844
SRR30600800.2000000	9731	9787	1	2412	0.0414421881475342
SRR30600800.2000000	8363	8507	1	28	3.44827586206897
SRR30600800.2000000	1708	15764	1	1061	0.0941619585687382
SRR30600800.2000000	1670	3015	1	629	0.158730158730159
SRR30600800.2000000	5324	13985	1	446	0.223713646532438
SRR30600800.2000000	1913	2215	1	1430	0.0698812019566737
SRR30600800.2000000	2718	3136	1	282	0.353356890459364
SRR30600800.2000000	797	1478	1	1868	0.0535045478865704
SRR30600800.2000000	961	1242	1	1886	0.0529941706412295
SRR30600800.2000000	2599	2944	1	404	0.246913580246914
SRR30600800.2000000	1597	1668	1	8	11.1111111111111
SRR30600800.2000000	15069	15576	1	153	0.649350649350649
SRR30600800.2000000	9447	9825	1	1808	0.0552791597567717
SRR30600800.2000000	15068	15747	1	490	0.203665987780041
SRR30600800.2000000	1675	2222	1	950	0.10515247108307
SRR30600800.2000000	1061	11948	1	1358	0.0735835172921266
SRR30600800.2000000	11048	11971	1	743	0.134408602150538
SRR30600800.2000000	1056	14606	2	744	0.268096514745308
SRR30600800.2000000	2496	9069	1	506	0.19723865877712
SRR30600800.2000000	3998	4210	1	233	0.427350427350427
SRR30600800.2000000	16173	16233	1	18	5.26315789473684
SRR30600800.2000000	11807	11971	1	816	0.122399020807834
SRR30600800.2000000	2765	3205	1	92	1.0752688172043
SRR30600800.2000000	1695	2279	1	1589	0.0628930817610063
SRR30600800.2000000	1888	2500	1	484	0.206185567010309
SRR30600800.2000000	8648	9092	1	372	0.268096514745308
SRR30600800.2000000	763	12989	1	1293	0.0772797527047913
SRR30600800.2000000	1087	3969	1	664	0.150375939849624
SRR30600800.2000000	2054	2276	2	1642	0.121654501216545
SRR30600800.2000000	9265	9712	1	731	0.136612021857924
SRR30600800.2000000	1149	8081	1	1128	0.0885739592559787
SRR30600800.2000000	2188	2261	1	1772	0.0564015792442188
SRR30600800.2000000	2912	4037	1	522	0.191204588910134
SRR30600800.2000000	2190	2406	1	1210	0.0825763831544178
SRR30600800.2000000	10895	12325	1	48	2.04081632653061
SRR30600800.2000000	2403	15422	1	340	0.293255131964809
SRR30600800.2000000	2214	2279	4	1817	0.219659527732015
SRR30600800.2000000	6589	6821	1	158	0.628930817610063
SRR30600800.2000000	7839	11562	1	67	1.47058823529412
SRR30600800.2000000	1800	2151	3	896	0.333704115684093
SRR30600800.2000000	2768	3202	1	100	0.99009900990099
SRR30600800.2000000	1311	1362	1	970	0.102986611740474
SRR30600800.2000000	661	1094	1	578	0.172711571675302
SRR30600800.2000000	341	14377	1	216	0.460829493087558
SRR30600800.2000000	927	1298	1	2122	0.0471031559114461
SRR30600800.2000000	10713	10979	1	65	1.51515151515152
SRR30600800.2000000	4034	7419	1	923	0.108225108225108
SRR30600800.2000000	1079	10469	1	602	0.165837479270315
SRR30600800.2000000	9316	9804	1	1563	0.0639386189258312
SRR30600800.2000000	2163	2389	1	1162	0.0859845227858985
SRR30600800.2000000	1902	2281	1	1304	0.0766283524904215
SRR30600800.2000000	8736	8943	1	329	0.303030303030303
SRR30600800.2000000	1821	2284	9	1083	0.824175824175824
SRR30600800.2000000	1287	1360	2	1096	0.182149362477231
SRR30600800.2000000	7258	13948	1	850	0.117508813160987
SRR30600800.2000000	797	1301	1	2244	0.044543429844098
SRR30600800.2000000	1247	8963	1	884	0.112994350282486
SRR30600800.2000000	8736	8944	1	336	0.29673590504451
SRR30600800.2000000	1271	8187	1	957	0.104384133611691
SRR30600800.2000000	996	4063	1	1326	0.0753579502637528
SRR30600800.2000000	2259	8831	1	945	0.105708245243129
SRR30600800.2000000	15300	15541	1	82	1.20481927710843
SRR30600800.2000000	14047	14434	1	61	1.61290322580645
SRR30600800.2000000	10628	15724	1	566	0.17636684303351
SRR30600800.2000000	9357	9763	1	1188	0.0841042893187553
SRR30600800.2000000	6288	7363	1	1382	0.0723065798987708
SRR30600800.2000000	1847	2329	1	1118	0.0893655049151028
SRR30600800.2000000	7986	11461	4	172	2.27272727272727
SRR30600800.2000000	1601	2226	1	858	0.116414435389988
SRR30600800.2000000	2961	13814	1	418	0.238663484486873
SRR30600800.2000000	1702	2275	1	1568	0.0637348629700446
SRR30600800.2000000	1311	6804	1	586	0.170357751277683
SRR30600800.2000000	1832	2275	2	1086	0.183823529411765
SRR30600800.2000000	5285	5393	1	518	0.192678227360308
SRR30600800.2000000	1694	1900	1	1112	0.0898472596585804
SRR30600800.2000000	1628	2292	1	926	0.107874865156419
SRR30600800.2000000	2390	5297	1	820	0.121802679658953
SRR30600800.2000000	9393	9743	1	1102	0.0906618313689937
SRR30600800.2000000	1532	7125	1	170	0.584795321637427
SRR30600800.2000000	1601	4469	1	6	14.2857142857143
SRR30600800.2000000	9755	11057	1	1176	0.0849617672047579
SRR30600800.2000000	2053	2278	1	1654	0.0604229607250755
SRR30600800.2000000	13669	13980	1	38	2.56410256410256
SRR30600800.2000000	994	14615	1	1116	0.0895255147717099
SRR30600800.2000000	961	1534	1	1396	0.0715819613457409
SRR30600800.2000000	2039	2202	1	1774	0.0563380281690141
SRR30600800.2000000	4490	4719	1	54	1.81818181818182
SRR30600800.2000000	309	352	1	406	0.245700245700246
SRR30600800.2000000	7977	11472	2	141	1.3986013986014
SRR30600800.2000000	1486	5319	1	538	0.185528756957328
SRR30600800.2000000	1941	2218	1	1573	0.0635324015247776
SRR30600800.2000000	11236	11290	1	42	2.32558139534884
SRR30600800.2000000	1375	9033	1	946	0.105596620908131
SRR30600800.2000000	7585	11777	1	66	1.49253731343284
